{"cameraMode":{"drawMode":0,"name":"Shaded","section":"Shading Mode"},"sceneLighting":true,"audioPlay":false,"sceneViewState":{"m_AlwaysRefresh":false,"showFog":true,"showSkybox":true,"showFlares":true,"showImageEffects":true,"showParticleSystems":true,"showVisualEffectGraphs":true,"m_FxEnabled":true},"in2DMode":false,"pivot":{"x":-1.6947517395019532,"y":-9.851195335388184,"z":66.22897338867188},"rotation":{"x":-0.008401132188737393,"y":0.9908735156059265,"z":-0.11225663125514984,"w":-0.07415542006492615},"size":38.001808166503909,"orthographic":false}